relative_path,bytes,sha256
00_READ_ME_FIRST_KO.md,5576,74cde6f67cf918b128c226db70950807109bd70368907c6eeadff72fbe6b80cb
01_RWTH_FULL_SCALE_MPC/README_KO.md,944,8ae2839d0c258903122c4cf48a90a5a8c23811bf559da26d9fba7a8eb9c22b6b
01_RWTH_FULL_SCALE_MPC/audit_evidence/RWTH_PROFILES.json,37395,4c64f117312dc1b1f3a0f5f10f35fa00e8f3848516f8e6f775425bf1b64704d7
01_RWTH_FULL_SCALE_MPC/audit_evidence/RWTH_SUMMARY.json,104,506d81957b8a114728427920e2aff335d7924b919afa2cfe59f18cd14157778c
01_RWTH_FULL_SCALE_MPC/original/Experimental_dataset_Two-Stage_Model_Predictive_St.zip,20680323,8dceee1467afb83b9e801f70fa4542855286b90d2dd48e1b4a46db0bd965e67a
01_RWTH_FULL_SCALE_MPC/source_receipts/mc46tw9t8m_download.json,7416,a4b1d6daa8939cc4c916f0e7e7c4214d49f9c43539e4d882c3825b5457190a9b
02_SEVILLA_CELL_DYNAMICS/README_KO.md,937,81aaa44b85b60818da43fe62dab82dbdee33264189130b6da61996eefa3306d5
02_SEVILLA_CELL_DYNAMICS/audit_evidence/FORMAT_AUDIT.csv,24387,db9415de28b1e3bb47ae9fd8c286bd5e3e20abb22148a0b4e64ca86b80670d5a
02_SEVILLA_CELL_DYNAMICS/audit_evidence/FORMAT_AUDIT.json,31916,6af423e1b07e21ff67bdcf3bbc7b17ca2aa7738251dad5dfdca94e19d4bc18cd
02_SEVILLA_CELL_DYNAMICS/audit_evidence/SEVILLA_DATA2020_PROFILES.json,10542,5a1f55f619de4c9153ea8cb06d6c7dde48444a6ff59b50d304917a27ad27eb3f
02_SEVILLA_CELL_DYNAMICS/audit_evidence/SEVILLA_DATA2020_SUMMARY.json,80,d125658f664946967e852d10696c648c9a4f8b836b1f1b0d0bdebba9ce9d2d24
02_SEVILLA_CELL_DYNAMICS/original/Experimental_performance_load_cycling_PEMFC.rar,4310707,9f6a1f978b9e39e164da67212a90c33a221c1ef35415b1f94780162306ad426d
03_DIFFERENTIAL_LOCAL_EIS/README_KO.md,999,b0181421d018d497f7596fcb4667849194e95cb7573489feeabc9067e5dea8e9
03_DIFFERENTIAL_LOCAL_EIS/audit_evidence/DIFFERENTIAL_PROFILES.json,2277458,06ca5fdb3cba91409f00280d009be90ad8f4d35aca7099884fc7e40bb4baa0bd
03_DIFFERENTIAL_LOCAL_EIS/audit_evidence/DIFFERENTIAL_SUMMARY.json,80,1f77a1af9fc4475c8b685b8e76b6562ee80f0ee8dddf19ebb583b1e1e5fb21d8
03_DIFFERENTIAL_LOCAL_EIS/audit_evidence/DIFFERENTIAL_metadata.json,141191,d18bc73a3a12b8c3c597a88bf8c6441e32b2a8d5c65aacad80b6c690476bc7cb
03_DIFFERENTIAL_LOCAL_EIS/original/Data/EIS_180mA/Break-in_EIS_180mA.txt,8543,5bd4c2daf3d6bc000c8ab9b174d4f9f8f22512d9b94341d6eec83097c449e5cf
03_DIFFERENTIAL_LOCAL_EIS/original/Data/EIS_180mA/C10_EIS_180mA.txt,8494,481c65fbcd6f31dd9ceee51d99abd6d381654fa7d20b141bca5981bcd77f82f3
03_DIFFERENTIAL_LOCAL_EIS/original/Data/EIS_180mA/C11_EIS_180mA.txt,8523,7a56df943fd84a5f5bb0eaad9cbc3b92329838a7c2ce234e9147c157f8f0fc18
03_DIFFERENTIAL_LOCAL_EIS/original/Data/EIS_180mA/C12_EIS_180mA.txt,8527,c276ecb9ffcd493d3b0fceb5d91249f69159f4a7d40452b52f05ff525d933dba
03_DIFFERENTIAL_LOCAL_EIS/original/Data/EIS_180mA/C13_EIS_180mA.txt,8521,b3aec8bdd98d41be340c2cd56ab080fca093afbd6ac95b1af0bfe0dedc132b43
03_DIFFERENTIAL_LOCAL_EIS/original/Data/EIS_180mA/C14_EIS_180mA.txt,8519,29005a0bb77ce82c55686775bda0c5b679c1ea2e8fa0a1bf008c27a81466b7ac
03_DIFFERENTIAL_LOCAL_EIS/original/Data/EIS_180mA/C15_EIS_180mA.txt,8546,1d4535a7c9dc8c0100a33977413ef53e739e23cf23052b03e3c4a3e9a4ebd1df
03_DIFFERENTIAL_LOCAL_EIS/original/Data/EIS_180mA/C16_EIS_180mA.txt,8552,be7caaa92ffa613ead599e4216b84037ff586f111082320ad204070fef01e568
03_DIFFERENTIAL_LOCAL_EIS/original/Data/EIS_180mA/C17_EIS_180mA.txt,8544,46290c29a1f2d2a82bde3bcba534d5c8ced6672de5baab531f705eab56cc7746
03_DIFFERENTIAL_LOCAL_EIS/original/Data/EIS_180mA/C18_EIS_180mA.txt,8537,ee1c9e2cfb8c2f587537af397f642366f6a46465a192fe370996b19aaab83e82
03_DIFFERENTIAL_LOCAL_EIS/original/Data/EIS_180mA/C19_EIS_180mA.txt,8519,11dee46c1daa8669a12381acb27146c9af218ddc05be3a262d6fa614d781820f
03_DIFFERENTIAL_LOCAL_EIS/original/Data/EIS_180mA/C1_EIS_180mA.txt,8530,bc4e9b6cbbb8985ed524b22a93ea793ebc5ebe3ff9dff7d0ca4bf1e0c204ae2e
03_DIFFERENTIAL_LOCAL_EIS/original/Data/EIS_180mA/C20_EIS_180mA.txt,8521,ba3735dbf126b6b907d64c33e9fcf4d7cb68e1f332d8c4333d3a7731df6c60f3
03_DIFFERENTIAL_LOCAL_EIS/original/Data/EIS_180mA/C21_EIS_180mA.txt,8545,9b87926418c21fb711575956b79259c045d825cc916ae27d69951af9ecd6ca77
03_DIFFERENTIAL_LOCAL_EIS/original/Data/EIS_180mA/C22_EIS_180mA.txt,8555,c9537e422a85aa5d8b5222b7dccf9f04f824454b0c34e53137c271f47e82d7aa
03_DIFFERENTIAL_LOCAL_EIS/original/Data/EIS_180mA/C23_EIS_180mA.txt,8553,554cb7359ee57667d14286327e90fa62c1524299ab175fec5cc769639b8b82cf
03_DIFFERENTIAL_LOCAL_EIS/original/Data/EIS_180mA/C24_EIS_180mA.txt,8540,c2eda80e485a3476f750e259d2cf6be9dce0c5392dc615e2c7e795f6105730d9
03_DIFFERENTIAL_LOCAL_EIS/original/Data/EIS_180mA/C25_EIS_180mA.txt,8547,1246cbefb8fe9144b7620fcfcfecca79bdd89d712899fd21685a317744bd46bf
03_DIFFERENTIAL_LOCAL_EIS/original/Data/EIS_180mA/C26_EIS_180mA.txt,8560,a07ceb633256d500ee584d5e5891839c8c8c84d053a6e76d5456ef4bbc1b6cd2
03_DIFFERENTIAL_LOCAL_EIS/original/Data/EIS_180mA/C27_EIS_180mA.txt,8548,547d47c0918093952863f84f79263a7b7b38d815bc0f2630e0e025196c09bf02
03_DIFFERENTIAL_LOCAL_EIS/original/Data/EIS_180mA/C28_EIS_180mA.txt,8523,c77c65f523730e9107d84ab9dab1ac1025eba7fb04da57cacf7d5aa3382cd5d3
03_DIFFERENTIAL_LOCAL_EIS/original/Data/EIS_180mA/C29_EIS_180mA.txt,8523,b2dbb92ff03d28ec4c556aef5fed118ffb6d2688c980a21e02c1adc3d666e47c
03_DIFFERENTIAL_LOCAL_EIS/original/Data/EIS_180mA/C2_EIS_180mA.txt,8533,f2f3ba267557a7466bc58be3122252a65b1635549b9ed23576c7d33a358fd85e
03_DIFFERENTIAL_LOCAL_EIS/original/Data/EIS_180mA/C30_EIS_180mA.txt,8524,a1ae7770580fc7d82e75f26a66519ca156fc3efce39498031a283577dbcaab4e
03_DIFFERENTIAL_LOCAL_EIS/original/Data/EIS_180mA/C31_EIS_180mA.txt,8530,cf660e67008e78076dd870c9eae6b3f25bed843489f2f59bae007a935005a21c
03_DIFFERENTIAL_LOCAL_EIS/original/Data/EIS_180mA/C32_EIS_180mA.txt,8565,f0bf207f353647c62e9e936ab66d76e777f24dd189688f7cd744baa292816ab0
03_DIFFERENTIAL_LOCAL_EIS/original/Data/EIS_180mA/C33_EIS_180mA.txt,8520,c6e2d625c2fa2de0279061041deffe15b380de4f16aa9cfd875bae7b4671bda7
03_DIFFERENTIAL_LOCAL_EIS/original/Data/EIS_180mA/C34_EIS_180mA.txt,8530,02547cf4d42a712f8126ba9febfe1dbc7eed3ef23f88965ab08f9e376f96dbd3
03_DIFFERENTIAL_LOCAL_EIS/original/Data/EIS_180mA/C35_EIS_180mA.txt,8552,91093bcbc69b3bdd5161cfce1996ba2c1be19f87599762bf92575f5e03ce21d1
03_DIFFERENTIAL_LOCAL_EIS/original/Data/EIS_180mA/C36_EIS_180mA.txt,8544,3412bb89a172b1c78c316acd9929066f5c3b923c3620e7df9700c5fda1a7be1d
03_DIFFERENTIAL_LOCAL_EIS/original/Data/EIS_180mA/C3_EIS_180mA.txt,8517,3d8d98972ee8cf3be96d635c04577be6b6db60524bd2a50f2074a72279b98be6
03_DIFFERENTIAL_LOCAL_EIS/original/Data/EIS_180mA/C4_EIS_180mA.txt,8542,b542d40757607435d074264160118acf942019d025683ce1b83ecd065206f6d5
03_DIFFERENTIAL_LOCAL_EIS/original/Data/EIS_180mA/C5_EIS_180mA.txt,8532,3a6e68bf693e9fe32e2fb4d1a5db8facc8898be34f1604e2ac92f67b5c6ed7d0
03_DIFFERENTIAL_LOCAL_EIS/original/Data/EIS_180mA/C6_EIS_180mA.txt,8531,353179b91cb71ae8e8a7a0086af5ed591b03fa99214b1fe41a32e3d2c31cba9f
03_DIFFERENTIAL_LOCAL_EIS/original/Data/EIS_180mA/C7_EIS_180mA.txt,8535,dd4b7ae9ea3a8a8b4dfd5e60b63164d8d566e001c0ca6a6fa115f61c78eca9e1
03_DIFFERENTIAL_LOCAL_EIS/original/Data/EIS_180mA/C8_EIS_180mA.txt,8543,b775b98c917106ff9b75b329ea9db990567d4f60791ad0d6301eea872caf4f2d
03_DIFFERENTIAL_LOCAL_EIS/original/Data/EIS_180mA/C9_EIS_180mA.txt,8548,942ae7aeb5111b65591cdc90695732bb3392c69773699747fffa2cb009e67127
03_DIFFERENTIAL_LOCAL_EIS/original/Data/EIS_45mA/Break-in_EIS_45mA.txt,8699,70444d627f39b97bb447517c40d9ae45d9863e49ee48246070ada68e4962792e
03_DIFFERENTIAL_LOCAL_EIS/original/Data/EIS_45mA/C10_EIS_45mA.txt,8600,ab0b6439a1c48e68fb851987edd3ce21577dbbab58acb7bc5185e9786a4ab925
03_DIFFERENTIAL_LOCAL_EIS/original/Data/EIS_45mA/C11_EIS_45mA.txt,8599,10ca3650ad8b5c5831c003bb321e8d5753ae41c8dbd2e4fa43c198dc58bf5c50
03_DIFFERENTIAL_LOCAL_EIS/original/Data/EIS_45mA/C12_EIS_45mA.txt,8608,8fa2f19c03c985694ae0779e29e9eb27611f010eded3fbf66e9810e6b46573a0
03_DIFFERENTIAL_LOCAL_EIS/original/Data/EIS_45mA/C13_EIS_45mA.txt,8610,cb47b3d484a080644039da455d1483456bc344116bc8146458e0a032960d1379
03_DIFFERENTIAL_LOCAL_EIS/original/Data/EIS_45mA/C14_EIS_45mA.txt,8635,cc275181cffaaf266bc03e9ec478bc986783460365035eea188eea4fd8b26de8
03_DIFFERENTIAL_LOCAL_EIS/original/Data/EIS_45mA/C15_EIS_45mA.txt,8621,a4232a00d3be4bcfdf06b078572e2089f0670d68a5b6f3484a25b0b9ad05df31
03_DIFFERENTIAL_LOCAL_EIS/original/Data/EIS_45mA/C16_EIS_45mA.txt,8618,d41514a005f6715db5bc74f03381ecf50869aeaed9dadb285cb7125cd90e5534
03_DIFFERENTIAL_LOCAL_EIS/original/Data/EIS_45mA/C17_EIS_45mA.txt,8541,ad46ed7043d7cf93cbf7396d6006d6490207eb18837c2bb0e913e863ece624b5
03_DIFFERENTIAL_LOCAL_EIS/original/Data/EIS_45mA/C18_EIS_45mA.txt,8627,862bad4931525353e10349c359fe54b55b73394126198c2e0f92bf786340e022
03_DIFFERENTIAL_LOCAL_EIS/original/Data/EIS_45mA/C19_EIS_45mA.txt,8606,5eb32212adede4a1bc3f67c7dd6696a1ef7d93335a212c476cb09ccd7afe7346
03_DIFFERENTIAL_LOCAL_EIS/original/Data/EIS_45mA/C1_EIS_45mA.txt,8611,c19eaf13e12eefe94440a57b4e8d8b2a543fe96eb693aa231ba507b52e56555e
03_DIFFERENTIAL_LOCAL_EIS/original/Data/EIS_45mA/C20_EIS_45mA.txt,8615,706f441e4428b95d0221a48d59a17626f1911bfdb2915a064ae79997d1f5d765
03_DIFFERENTIAL_LOCAL_EIS/original/Data/EIS_45mA/C21_EIS_45mA.txt,8631,f0496306380de0fcd1b219a7676d1021ebf4ec1b0b27a5cbdacc19ad45c76c58
03_DIFFERENTIAL_LOCAL_EIS/original/Data/EIS_45mA/C22_EIS_45mA.txt,8632,63dce904dcbe85522f3035ab9450e583cc48e77d3ef67967276c3f3d93f630b1
03_DIFFERENTIAL_LOCAL_EIS/original/Data/EIS_45mA/C23_EIS_45mA.txt,8623,02ebef49026a75371794ec65778a27f8691387bec2703ecb053dd96a69c53ab0
03_DIFFERENTIAL_LOCAL_EIS/original/Data/EIS_45mA/C24_EIS_45mA.txt,8612,eefe953799a50708747a533ad6d189a7d89fd498a9bb5685c2e23b346b28a3b2
03_DIFFERENTIAL_LOCAL_EIS/original/Data/EIS_45mA/C25_EIS_45mA.txt,8629,0b830f485d59bdf1a95ea7f73a85d09891142db18d82ddbfcc6f6bde4f83e32e
03_DIFFERENTIAL_LOCAL_EIS/original/Data/EIS_45mA/C26_EIS_45mA.txt,8629,88c092569affe97b0e407904c937d92794c50db303a2ac613b35969b0b59b293
03_DIFFERENTIAL_LOCAL_EIS/original/Data/EIS_45mA/C27_EIS_45mA.txt,8613,84466fdbd6c42c92c755dd9fbc4bd93a85113148de614cd0a88cea025b52b846
03_DIFFERENTIAL_LOCAL_EIS/original/Data/EIS_45mA/C28_EIS_45mA.txt,8590,2d39516d2c070330f65688a821789a7231dc4a8ae07365551d85f276fff944e1
03_DIFFERENTIAL_LOCAL_EIS/original/Data/EIS_45mA/C29_EIS_45mA.txt,8621,87c53a81b16a6d59b2efd24fa501f1cbd67b6372d89b6f728c6e91f0e54a5d79
03_DIFFERENTIAL_LOCAL_EIS/original/Data/EIS_45mA/C2_EIS_45mA.txt,8603,7bb9aca08eda01852c5221e453d006c9c4cdf6356d277719a5e3c626cbf68251
03_DIFFERENTIAL_LOCAL_EIS/original/Data/EIS_45mA/C30_EIS_45mA.txt,8621,19a026c2ba6c5cce8779ee3ea5ae60f9813cbe71b510fdb3c45d15c67748b3ae
03_DIFFERENTIAL_LOCAL_EIS/original/Data/EIS_45mA/C31_EIS_45mA.txt,8622,fd78ecb2dd1379ad33404c1061f6e39f207df48ae8a17a5670331effc8c405ca
03_DIFFERENTIAL_LOCAL_EIS/original/Data/EIS_45mA/C32_EIS_45mA.txt,8625,6881cec29729a18cb0d536ea078e9bc3fb05598cd16384bf3e1c914f9810a2c3
03_DIFFERENTIAL_LOCAL_EIS/original/Data/EIS_45mA/C33_EIS_45mA.txt,8616,b322efe86096dde362dd024e42073b87f6573a76b54f2a8687d279062f64a143
03_DIFFERENTIAL_LOCAL_EIS/original/Data/EIS_45mA/C34_EIS_45mA.txt,8613,04e745c9ed2c623bee833ed0f6a5529286068e5b4e482c24f5292dbc5f3ecbdf
03_DIFFERENTIAL_LOCAL_EIS/original/Data/EIS_45mA/C35_EIS_45mA.txt,8564,272a04a69b82a145a0bb9d6851838d82eec13d67a171d76b8c024061c4649ab1
03_DIFFERENTIAL_LOCAL_EIS/original/Data/EIS_45mA/C36_EIS_45mA.txt,8645,e0c0c47cd72a8b2ebf1b67e669eeb2b46a420ec0b0982961c8f5c4ec054b7975
03_DIFFERENTIAL_LOCAL_EIS/original/Data/EIS_45mA/C3_EIS_45mA.txt,8624,bf9a13170ce10619af433951d3ac7c09d4f544c59d1f2a17ef7d6f4df9b8d565
03_DIFFERENTIAL_LOCAL_EIS/original/Data/EIS_45mA/C4_EIS_45mA.txt,8613,8bca851d5af98fb7fcde20134c19147530591b04a4b659c9ffe252f147eeed19
03_DIFFERENTIAL_LOCAL_EIS/original/Data/EIS_45mA/C5_EIS_45mA.txt,8604,3b6b914dd0d4b27029b47602d2f3fd379440f7c2bdfe50c49392d9134a987900
03_DIFFERENTIAL_LOCAL_EIS/original/Data/EIS_45mA/C6_EIS_45mA.txt,8620,bb3e80011d7634105f741e14c68dbc93bb6f64bbe1b0f4fa4a4cd9998bd24f47
03_DIFFERENTIAL_LOCAL_EIS/original/Data/EIS_45mA/C7_EIS_45mA.txt,8625,a4022bbd5597a9c686dcc0e8e34a97893d35ef69fb509ca67c39bef0685de283
03_DIFFERENTIAL_LOCAL_EIS/original/Data/EIS_45mA/C8_EIS_45mA.txt,8597,deeebc88138404010bc41ca4f16046dd3b13c2c87b9edbed9e2486c6c6127731
03_DIFFERENTIAL_LOCAL_EIS/original/Data/EIS_45mA/C9_EIS_45mA.txt,8637,805ee555e859e43f75500e8a4b7947af08803c38589776b112937924d33befaf
03_DIFFERENTIAL_LOCAL_EIS/original/Data/EIS_900mA/Break-in_EIS_900mA.txt,8656,c4e2eae776bf81bf2ee7f6f36032ca253d6fc0d0c03d3c79ace3c652619ea7d0
03_DIFFERENTIAL_LOCAL_EIS/original/Data/EIS_900mA/C10_EIS_900mA.txt,8571,1b220f24cea862d2dd00b3b292c2e36bb6034416c3795d5877ef827a1c3c1bf5
03_DIFFERENTIAL_LOCAL_EIS/original/Data/EIS_900mA/C11_EIS_900mA.txt,8591,a6f9c6d28a1d6ae48c34a4d4ef5c04538dd5cb5b7540dc0a2b52d30b0a11859f
03_DIFFERENTIAL_LOCAL_EIS/original/Data/EIS_900mA/C12_EIS_900mA.txt,8631,9491224ad4abcb1ca7a56f7f5cc7cc56358458abbf76c454babe3f9650c74aae
03_DIFFERENTIAL_LOCAL_EIS/original/Data/EIS_900mA/C13_EIS_900mA.txt,8601,f34fa5312c7104842fa145251d67f104171acd18a457f8c81a7ad4e1d6d2116a
03_DIFFERENTIAL_LOCAL_EIS/original/Data/EIS_900mA/C14_EIS_900mA.txt,8599,15103a82ccb85d854a7761d2ab9434b630140d95d627bd43c560b3da322ffb57
03_DIFFERENTIAL_LOCAL_EIS/original/Data/EIS_900mA/C15_EIS_900mA.txt,8657,d59b4609eb1f9fc703dc070e6680b4cac530dfc1fb3aca2ba44d03154def3f30
03_DIFFERENTIAL_LOCAL_EIS/original/Data/EIS_900mA/C16_EIS_900mA.txt,8601,53ff4ee9bb348049e4886ddd38aa8e28efb866e74fb9824fcd046cd9a290c7d1
03_DIFFERENTIAL_LOCAL_EIS/original/Data/EIS_900mA/C17_EIS_900mA.txt,8654,3138c9e3f977fbb9099a5e3fc559a152230e44560a55fa2a5b75f83e13d1012b
03_DIFFERENTIAL_LOCAL_EIS/original/Data/EIS_900mA/C18_EIS_900mA.txt,8621,c06a1a673b84765f4ce3cfd4abb3f07a02891654a73ab57faa6079332c252e3e
03_DIFFERENTIAL_LOCAL_EIS/original/Data/EIS_900mA/C19_EIS_900mA.txt,8574,7fdd8e1e6f4941f4f336455ae524f66f66dbaf20f7ceb647256bbbf7b1cebbf6
03_DIFFERENTIAL_LOCAL_EIS/original/Data/EIS_900mA/C1_EIS_900mA.txt,8610,049dd753d131ea7a70bf5ebfe3d8176917711831813342f0ecb62f118ab869ee
03_DIFFERENTIAL_LOCAL_EIS/original/Data/EIS_900mA/C20_EIS_900mA.txt,8626,fec84a225bae31872f5065a7bb2a369e59e8f95ed603b005060df7512b9ce64e
03_DIFFERENTIAL_LOCAL_EIS/original/Data/EIS_900mA/C21_EIS_900mA.txt,8641,c7498d6ca24da5f2b6cca3696b714c5e017f006e180b1f4cd6581a623a75613d
03_DIFFERENTIAL_LOCAL_EIS/original/Data/EIS_900mA/C22_EIS_900mA.txt,8643,9669ccbc71f509690b5d5da1db60fd81b6ed4400b0a2f4e70521b07cc31438b4
03_DIFFERENTIAL_LOCAL_EIS/original/Data/EIS_900mA/C23_EIS_900mA.txt,8666,13ee95abd3c85549d259fc20b45a0893f5160b24307ec7883f25a6bae282f5fe
03_DIFFERENTIAL_LOCAL_EIS/original/Data/EIS_900mA/C24_EIS_900mA.txt,8626,e868473608e2dc5328fad28523b38abe9a3d293c63a2f0bdd598c4592490b144
03_DIFFERENTIAL_LOCAL_EIS/original/Data/EIS_900mA/C25_EIS_900mA.txt,8639,dc6e8cb78e9e057db990962302f87550f210297474ad6e49e37c4f99ccc32e1c
03_DIFFERENTIAL_LOCAL_EIS/original/Data/EIS_900mA/C26_EIS_900mA.txt,8616,2bb198dff8c9b28f9a1c859a62e1f06877752b920c065a6137e96f265dff5bf1
03_DIFFERENTIAL_LOCAL_EIS/original/Data/EIS_900mA/C27_EIS_900mA.txt,8633,2e7e7d8103954e49b57ed3d6a72ee33489b24115b47cc5c27b433265223b2d01
03_DIFFERENTIAL_LOCAL_EIS/original/Data/EIS_900mA/C28_EIS_900mA.txt,8567,536bb76fbc3b4eed7dcb42ed5837cc53b0c92c5b2a789890bed4bfdfb6d8812a
03_DIFFERENTIAL_LOCAL_EIS/original/Data/EIS_900mA/C29_EIS_900mA.txt,8591,e80e8f45d727964d71139388e9f91db0350c47bda04865d2279ac6bab9dded35
03_DIFFERENTIAL_LOCAL_EIS/original/Data/EIS_900mA/C2_EIS_900mA.txt,8623,d6086307898692e6f6fdcae4523bf4c7ce04a38edbb6b9ca850d0f2a885e454b
03_DIFFERENTIAL_LOCAL_EIS/original/Data/EIS_900mA/C30_EIS_900mA.txt,8646,2c8f6893a48d72ffba81499569e5ff1c02873936ad48634869a720cb73b6c49e
03_DIFFERENTIAL_LOCAL_EIS/original/Data/EIS_900mA/C31_EIS_900mA.txt,8638,d419e6e571b2d675ccf1b453872be624f2eb3499210f46692a447f57d3dcab0f
03_DIFFERENTIAL_LOCAL_EIS/original/Data/EIS_900mA/C32_EIS_900mA.txt,8615,bc0ce4062757b0855365c0f2ba2b80bc3e150cbdf39cd4b44f75794fe1e89d36
03_DIFFERENTIAL_LOCAL_EIS/original/Data/EIS_900mA/C33_EIS_900mA.txt,8613,ab7af2ad783338d2956e098f1370aca76a7a26e9f182ae7dc388e244c85bc450
03_DIFFERENTIAL_LOCAL_EIS/original/Data/EIS_900mA/C34_EIS_900mA.txt,8631,902e7a61bf5f12902f31faae50224405cea7c8b5bd4304cf46678971f039ca17
03_DIFFERENTIAL_LOCAL_EIS/original/Data/EIS_900mA/C35_EIS_900mA.txt,8616,6c20c968085882825123e20fa73f0669d41a67d05846fabeead6c9f6d2df7bcd
03_DIFFERENTIAL_LOCAL_EIS/original/Data/EIS_900mA/C36_EIS_900mA.txt,8609,189b14606527623446d7e3ab3cf3d5fdc86dcc6e411e771f59350432bae8a0fe
03_DIFFERENTIAL_LOCAL_EIS/original/Data/EIS_900mA/C3_EIS_900mA.txt,8637,719914e73d9d661d428cfaa5c3c6ee395357647afff953c4493cabaee3f60cde
03_DIFFERENTIAL_LOCAL_EIS/original/Data/EIS_900mA/C4_EIS_900mA.txt,8658,fc90aaf860945b338423bb57064f9d0d5aaed65130d099bbbb1b5c842240cdf6
03_DIFFERENTIAL_LOCAL_EIS/original/Data/EIS_900mA/C5_EIS_900mA.txt,8635,f807196fbac22c06cd8aa3597c3a1fcf5912b0f0fee598f025b8a71898dc255d
03_DIFFERENTIAL_LOCAL_EIS/original/Data/EIS_900mA/C6_EIS_900mA.txt,8643,96b310b978b08a3fd407fcf70242f901018251690353703a3788246f11211d6b
03_DIFFERENTIAL_LOCAL_EIS/original/Data/EIS_900mA/C7_EIS_900mA.txt,8637,b246065bc7d868435b12942806cc0d9293aa75f361aaa727992b12e4c85afb72
03_DIFFERENTIAL_LOCAL_EIS/original/Data/EIS_900mA/C8_EIS_900mA.txt,8594,40e2ddf62db6843bafd1659bae347bc9f74cd7a84d67ee9a88db81f56557f2f4
03_DIFFERENTIAL_LOCAL_EIS/original/Data/EIS_900mA/C9_EIS_900mA.txt,8644,c5a5334ff02552aa25b3329110e1b0312395acb5d24ff523eee591704de15707
03_DIFFERENTIAL_LOCAL_EIS/original/Data/IV_curves/C10_IV.txt,63802,7f5339f2af1188208caf21e1b8bc27e35d4532c573ecc1734bb6846066a95934
03_DIFFERENTIAL_LOCAL_EIS/original/Data/IV_curves/C11_IV.txt,63345,2a714aaca8c440540e63fe0820d41668fd8e5939e572578b867c6827a799cdee
03_DIFFERENTIAL_LOCAL_EIS/original/Data/IV_curves/C12_IV.txt,63372,c1effe5e46d96c2f9a1faefe6b4aa21e29a1526f574b676d42d52a2784dbc96d
03_DIFFERENTIAL_LOCAL_EIS/original/Data/IV_curves/C13_IV.txt,62522,68d2c51f25bc833a9c8f62a40b1600feac389ee8e0d9d81ee012a6f341c269b3
03_DIFFERENTIAL_LOCAL_EIS/original/Data/IV_curves/C14_IV.txt,61227,0322912808aed03fe58ca84da634b79c1a8b34390367bf75ae9b8bd63f55a997
03_DIFFERENTIAL_LOCAL_EIS/original/Data/IV_curves/C15_IV.txt,62345,4e64d8870176f94de0fdf0a1d50308ffc7905dba55dd882aede06fb4c67f0fb0
03_DIFFERENTIAL_LOCAL_EIS/original/Data/IV_curves/C16_IV.txt,61331,b3739244748802bf2063a12c43abdb64f86a1f8a29d38b19e761e409ef740074
03_DIFFERENTIAL_LOCAL_EIS/original/Data/IV_curves/C17_IV.txt,62337,b1866233d74ae9fe9fe2ce63b282eb377d5e9f6bb3e20394f2e366e41080be38
03_DIFFERENTIAL_LOCAL_EIS/original/Data/IV_curves/C18_IV.txt,61512,cf2f7232240bf08f852fc227daa13c2ec9e9ea2107dee09f1a8848a2cad20d14
03_DIFFERENTIAL_LOCAL_EIS/original/Data/IV_curves/C19_IV.txt,64275,0f1db0caa65661c53c098b79ffce2d58153c780c93a9a64634641f9b5c4a506a
03_DIFFERENTIAL_LOCAL_EIS/original/Data/IV_curves/C1_IV.txt,64640,d8ff417e0a8a555f89a8829048f6dc9f624e19a22bc2d215d1f2a85cf25054b9
03_DIFFERENTIAL_LOCAL_EIS/original/Data/IV_curves/C20_IV.txt,63878,3b2ad36bc348de35ac85f375a135a77fe1a8d24dc3925822f044e8787c3d9a23
03_DIFFERENTIAL_LOCAL_EIS/original/Data/IV_curves/C21_IV.txt,63108,fcd36cd9c776e903cffafac93dddde6d6cacdb783875c50c1cd491c31cb2d7b2
03_DIFFERENTIAL_LOCAL_EIS/original/Data/IV_curves/C22_IV.txt,63223,9bf483f4a3da0fdd88b6ec627734d9c8634847c47111b0d8d0b385b69729c617
03_DIFFERENTIAL_LOCAL_EIS/original/Data/IV_curves/C23_IV.txt,63212,5c5863726596dbc51fba6e98d8d41830b759db8f14a1041db0b1e97db41f4981
03_DIFFERENTIAL_LOCAL_EIS/original/Data/IV_curves/C24_IV.txt,63892,09987dae4ab827f5199639eceb82b5d8c7ed2e04e93c13b3db770469fa063072
03_DIFFERENTIAL_LOCAL_EIS/original/Data/IV_curves/C25_IV.txt,62312,80b7cd7b6ac2fe9276d7ea1c61f088bff77612929d5395c240b3091e932c82f5
03_DIFFERENTIAL_LOCAL_EIS/original/Data/IV_curves/C26_IV.txt,62488,eeee188a0390094a99b3bbbb5289d93299beef63d41cfd77db7fa0cd1ce9c862
03_DIFFERENTIAL_LOCAL_EIS/original/Data/IV_curves/C27_IV.txt,62421,3e6014ce9d841b7a87bb8cb04b31bf8538feb89aaa146af0c07bf3ddd7347214
03_DIFFERENTIAL_LOCAL_EIS/original/Data/IV_curves/C28_IV.txt,63180,a0926c3b3485f4ebf1ce59a3fe0e2e942afad290835bc3c400245d0f33384b48
03_DIFFERENTIAL_LOCAL_EIS/original/Data/IV_curves/C29_IV.txt,62801,1fe47ed369e828896ef673e0cc6fb75d9e4c148357283e7516720abb17e240e9
03_DIFFERENTIAL_LOCAL_EIS/original/Data/IV_curves/C2_IV.txt,65001,a1ce8b45af7605aea614ce77df1d57ec8d447ee5a0de4548ed97dd0bb5d6c498
03_DIFFERENTIAL_LOCAL_EIS/original/Data/IV_curves/C30_IV.txt,62911,9b875323f092736270892df92f8308006bcf059d66051530cc303980876ff11b
03_DIFFERENTIAL_LOCAL_EIS/original/Data/IV_curves/C31_IV.txt,62288,95e0d23ed1a42de030054fb0a1cd58c9753c023ebd3f12f1aeec79a7068ca7dc
03_DIFFERENTIAL_LOCAL_EIS/original/Data/IV_curves/C32_IV.txt,62210,9d754508b90c95e0fd5a31e3b4f388fff112ccb7251af3c8f5e734cdf650c2ef
03_DIFFERENTIAL_LOCAL_EIS/original/Data/IV_curves/C33_IV.txt,62284,8eb692609a8fc895924b2fef11db8890147456e4d0af7ecd73237c1f2dc8e772
03_DIFFERENTIAL_LOCAL_EIS/original/Data/IV_curves/C34_IV.txt,61621,837d1365d56cf9968beba6cf6081e2b45b7cc4f9c9f86a1bd66b38c433b78419
03_DIFFERENTIAL_LOCAL_EIS/original/Data/IV_curves/C35_IV.txt,61527,3a94f0c1b94586920f0cde873b2e2bcc058c03d9cde3d91390a2eef6436ae753
03_DIFFERENTIAL_LOCAL_EIS/original/Data/IV_curves/C36_IV.txt,61759,7b6b2178cbfe34624f2b80140caac5649fcaceff2b0ffb6c68eb1a3f2da63379
03_DIFFERENTIAL_LOCAL_EIS/original/Data/IV_curves/C3_IV.txt,64760,2e1bfd6cbb51b1ec51c5d3adbe2aecd11c35738c66fc2bca67e2e7cec11ccf88
03_DIFFERENTIAL_LOCAL_EIS/original/Data/IV_curves/C4_IV.txt,63816,b74716b68dc3fb37032b0315725f45c1c13441afa25ee14837d6901241c0b999
03_DIFFERENTIAL_LOCAL_EIS/original/Data/IV_curves/C5_IV.txt,62824,28bdbc371b233da50c0279cb2b81a330c57df1b35c5e973f97f7c4212634a3c5
03_DIFFERENTIAL_LOCAL_EIS/original/Data/IV_curves/C6_IV.txt,63639,5519717dd8c100c2dee16b4c633cfaee1848c305199ff33f5bcb4ac7fe79ffa2
03_DIFFERENTIAL_LOCAL_EIS/original/Data/IV_curves/C7_IV.txt,63519,0705a1ea189d3bb9ae5773f1f53d195adc9da662cc7cfce181464f4357fa3fc0
03_DIFFERENTIAL_LOCAL_EIS/original/Data/IV_curves/C8_IV.txt,62792,2bab285699712d4fa125719f2d292fb92f75ea4fee3dfd86da27bf65eb258a5d
03_DIFFERENTIAL_LOCAL_EIS/original/Data/IV_curves/C9_IV.txt,62810,fd5652c9b3fe7d3a17517f03ded71c3487637b4f86fd473aebbfeed7fce81455
03_DIFFERENTIAL_LOCAL_EIS/original/Data/IV_curves/break-in_IV.txt,71073,49f9608583628dbb6da28458be078827165d3d198917ea9cc93d939f2fe12ca2
03_DIFFERENTIAL_LOCAL_EIS/original/root/Operating_conditions_Cell__original.tab,12519,fbe845ad6f2624de09a5b6d14d755df7768e1b4de4020adc4881f71952ff354d
04_JRC_ZERO_GRADIENT/README_KO.md,935,51b55bcebffbadddb407af2f111caf6b8312c17e12d02da1fb5bedaee7adcfbf
04_JRC_ZERO_GRADIENT/audit_evidence/JRC_ZERO_GRADIENT_PROFILES.json,164215,533afb22b5d202c59ef7986419e5abbd5c09104909aa74a5fd014deb112e8e13
04_JRC_ZERO_GRADIENT/audit_evidence/JRC_ZERO_GRADIENT_SUMMARY.json,103,16d19b64134ec9760c67c1d7e9e58da395ec4f3d3296171637762708a942e26e
04_JRC_ZERO_GRADIENT/original/n5csdjfg3c-2.zip,6318551,77ac1d1524f2055a7830a13298208f78901639f36449c3521a23386e06eae821
04_JRC_ZERO_GRADIENT/source_receipts/n5csdjfg3c_download.json,7357,499fec33b1b8adfb5e82324eb8cfb9d18e8c096755fd26205586284e65613157
05_OXYGEN_PURGE/README_KO.md,939,365953d18ae97925ae10d387aac73e5ba466cd2339212f2058a8e17724c12a02
05_OXYGEN_PURGE/audit_evidence/OXYGEN_PURGE_PROFILES.json,79668,2614ab10b683952c1affe3db99cbb95ef3a57f4bae33da98aaafa4084c3c56fb
05_OXYGEN_PURGE/audit_evidence/OXYGEN_PURGE_SUMMARY.json,102,ef0121f79a253df57d53ed8acc8c603299d4f9a16852abb215d73acfec512cac
05_OXYGEN_PURGE/original/Prediction_of_oxygen_utilization_and_purge_strateg.zip,177269,8d9ef72cabfe8eb7964122767cbb38a323b4fde16dfc61eef274b278608151f4
05_OXYGEN_PURGE/source_receipts/jy5vxystwd_download.json,7419,1ecc037d9736a8971b376b5d2a80dbed0b4b06d2834c3bc9f939ac18545d6517
06_NPL_CO_DIAGNOSTICS/README_KO.md,945,c035848ba2576e81b1fe82ac12fb2819a647e53d5fcd477f3b71b9d401c90983
06_NPL_CO_DIAGNOSTICS/audit_evidence/NPL_CO_CONTAMINATION_PROFILES.json,80316,a2edfb76a23fe8574bae87d190beefa38b8b24a91cac47837af74ac5fc99b2b7
06_NPL_CO_DIAGNOSTICS/audit_evidence/NPL_CO_CONTAMINATION_SUMMARY.json,103,14c971670e0c11ae6dc70d86365a241d212ddf3f434350dc78f3e7b588eacbcf
06_NPL_CO_DIAGNOSTICS/original/sp4pc8w9xh-1.zip,8366785,5e92b77de567a3f1c736b1121405a3a06e78edce8cab5264a0cec339d3ce933f
06_NPL_CO_DIAGNOSTICS/source_receipts/sp4pc8w9xh_download.json,7366,4147d03cedb0c33ec8911c36d09967b3da8b69ea1c618bd718abea290f3407bf
90_IMPORT_AND_QC/import_differential_eis.m,359,2d3b55255b04df12e5f2927238fb0dc4ffea20f19cada5f375a936d88c82904f
90_IMPORT_AND_QC/import_npl_co.m,280,ba26b0cadf003fc35cb9313e0ddda26c609e58d2cb8b79185fbf43ae862a9399
90_IMPORT_AND_QC/import_oxygen_purge.m,363,62db377f4e3f40aa7e244bdd12e52659cfd7731681d2de8ac26ff13a9b080174
90_IMPORT_AND_QC/import_rwth.m,471,019c1d1e8d7295d9906db8c8d823ef78894b3339496f60ef7e0d2df1b1295a50
90_IMPORT_AND_QC/import_sevilla.m,389,f997d08809f9046e34e13ea7aaa19c66e1722d32cc36cdefaf36602e8fa953d8
90_IMPORT_AND_QC/inspect_jrc_workbooks.m,499,9194f1e91ee0c95d5635c9f806f2521a7b4908db7470337ebd042a1ef5995fe6
90_IMPORT_AND_QC/verify_package.py,530,07bf19fdfca0f40c6eead0cbd7083de82e29c473560ffa6fb8bf0078e065e39b
91_REJECTED_AND_HELD.md,1927,bee4da12e1e98354c20d8aa071f4989f7d0a02a7cff4a0602e4033469e88b17c
92_LICENSE_AND_CITATION.md,993,f16d70592dd521e0a192752abe95f8862ec86cf7f92d1027cece3c87ea632123
